itemNumber	string	score	depth
75663147	proteïnen	210	1
75658046	celbiologie	169	2
75608774	hart- en vaatziekten	153	2
75652196	moleculaire biologie	118	3
75652021	immunologie	102	1
75658895	enzymen	102	2
15438125x	katalyse	93	2
75660180	kankerbehandeling	89	2
75657163	bacteriën	89	1
07560129x	biochemie	73	2
07566450x	tumoren	73	2
75605902	farmacologie	70	3
75610086	infectieziekten	67	2
75658003	cardiologie	65	3
75658909	genen	65	1
75615193	microbiologie	64	2
75684659	computersimulatie	64	2
75664062	stofwisseling	61	1
07561474x	materialenkennis	60	1
75604248	dna	60	3
75611791	kindergeneeskunde	55	2
07561653x	nier(ziekten)	54	1
75618761	plantenfysiologie	52	2
75640945	voedingsmiddelentechnologie	52	2
07560938x	hormonen	52	1
18993588x	biomaterialen	51	3
75613832	lever(ziekten)	50	3
75663589	schimmels	50	3
194206963	nanotechnologie	50	2
75616513	neurologie	49	2
153901284	erfelijkheidsleer	49	2
242597815	polymeren	48	1
75677350	diagnostiek	48	2
75654016	biotechnologie	47	2
75648598	gastro-enterologie	46	2
75600099	bacteriologie	45	1
75663864	spectroscopie	44	2
07560289x	chirurgie	44	2
75618788	plantenziekten	44	1
75664909	virussen	44	2
75617668	organische chemie	43	2
75661705	neurofysiologie	43	2
75599740	astma	41	4
75623412	diabetes	41	3
246139412	plantengenetica	41	3
75620030	radiotherapie	40	2
75614936	melkwegstelsels	39	2
267797737	copd	39	3
75598876	algoritmen	38	2
75685752	ecosystemen	37	1
75660938	logistiek	37	1
75605384	epidemiologie	37	2
75658488	darmkanker	36	3
267179693	hartfalen	36	3
102367418	magnetische resonantie	36	5
75601486	bloedvatenstelsel	35	4
96947381	patroonherkenning	35	2
07567761x	moleculaire natuurkunde	35	2
126297290	differentiaalvergelijkingen	34	2
75659670	halfgeleiders	34	2
75662981	polymerisatie	34	2
189868236	membranen	34	3
75611198	kanker	34	2
75614545	management	34	1
75657708	bloed	34	2
75664119	stromingsleer	33	3
75613786	leukemie	33	3
75617757	orthopedie	33	1
75651386	neonatologie	33	3
97310328	sedimentologie	33	3
75602792	chemische technologie	32	2
75607220	geneesmiddelen	32	2
75626985	waterzuivering	31	1
75688395	waterbeheer	31	3
75661209	geneesmiddelen ; bijwerkingen	31	3
75657775	borstkanker	31	3
182795667	farmacotherapie	31	2
75637162	endocrinologie	30	1
75676257	plantenveredeling	30	6
75626748	waarschijnlijkheidsrekening	30	2
75599201	antibiotica	30	3
75625210	vaste stoffen ; mechanica	30	3
75663201	kwantummechanica	29	2
153872802	elementaire-deeltjesfysica	29	2
94669805	productontwikkeling	29	2
75609789	hydrologie	29	3
75688255	ouderen ; gezondheidszorg	29	2
75628732	zwangerschap	29	1
75601419	urologie	28	2
75648539	chemotherapie	28	2
75603691	darmziekten	28	2
202821048	biodiversiteit	28	2
75609045	hersenaandoeningen	28	2
75656698	landbouweconomie	28	2
75624486	transplantatie	28	2
75599775	astrofysica	27	2
75685310	cognitieve psychologie	27	3
75610477	irrigatie	27	2
75668033	vaccinatie	27	3
75664666	veevoeding	27	2
75675382	milieutechniek	27	2
75663384	remote sensing	27	1
277957672	genexpressie	27	3
75614146	longziekten	26	2
102366659	tomografie	26	4
75623269	stress	26	1
75652498	biomedische techniek	26	2
75661861	numerieke wiskunde	26	2
75617544	operations research	25	3
75659883	hydrodynamica	25	3
216028701	hematologie	25	1
75606615	fysische chemie	25	2
75660687	landbouwgronden	25	1
126610908	geografische informatiesystemen	24	2
75664402	toegepaste wiskunde	24	2
75664860	vetten	24	1
75663139	prostaatkanker	24	3
75611449	keel-, neus- en oorziekten	24	2
75626217	vloeistoffen ; mechanica	24	2
75614766	mathematische statistiek	24	2
75659352	geneesmiddelengebruik	24	1
75603829	depressiviteit	24	1
07564861x	huisartsgeneeskunde	24	2
75660199	kankeronderzoek	24	2
75609010	hersenfysiologie	24	2
16078638x	grensvlakchemie	24	2
75617595	optica	23	2
153900660	erfelijke ziekten	23	2
85911453	immuuntherapie	23	2
75626519	voortplanting	23	1
75613603	medische instrumenten en apparaten	23	3
75598558	aderverkalking	22	3
75657147	baarmoederhalskanker	22	3
07562592x	overgewicht	22	2
75623633	tandheelkunde	22	2
75607840	gist	22	1
183415280	klimaatveranderingen	22	2
75614863	medische psychologie	22	3
75615835	motoriek	22	4
75661322	milieueconomie	22	2
75665980	hartchirurgie	21	3
250117312	genomica	21	1
75623080	stofwisselingsziekten	21	2
75598906	allergie	21	2
75618451	perceptie	21	4
75620898	nek- en rugklachten	21	2
75607786	gezondheidszorg	21	1
75664364	thermodynamica	21	3
75604094	dierfysiologie	21	2
75626039	vissen	21	2
29139731x	niertransplantatie	20	3
75605236	embryologie	20	3
75605643	europees recht	20	2
75625601	verkeersvraagstuk	20	1
75606828	gedragsstoornissen	20	2
75624613	trombose	20	3
75648504	sociale relaties	20	4
07561507x	metalen	20	1
75685744	medische technologie	20	2
75656671	afvalwater	20	2
75677857	aangeboren afwijkingen	19	2
75659697	hartritme(stoornissen)	19	3
75679817	medische informatica	19	3
75655047	fotosynthese	19	3
75621290	schizofrenie	19	2
102048169	neurobiologie	19	2
75605074	elektronen	19	3
75659972	informatiesystemen	19	1
75656590	ademhalingsstoornissen	19	2
78865492	voedingsgewoonten	19	1
75618745	plantenecologie	19	2
75663430	rna	19	3
75665182	vruchtbaarheid	19	1
07562625x	voedingsleer	19	1
07561491x	meettechniek	19	2
75625202	varkens	19	4
07561815x	parasitologie	19	2
75607301	geochemie	19	3
75611651	kernfysica	18	2
07566285x	pijn(bestrijding)	18	1
177171383	gentherapie	18	2
75661098	marketing	18	3
75609002	hersenbloeding	18	3
145492346	zonnecellen	18	4
75604787	ecologie	18	1
75618907	pluimvee(houderij)	18	5
75615622	moleculen	18	2
75657759	bodemvruchtbaarheid	18	1
19134740x	risicoanalyse	18	1
75628422	ziekte van parkinson	17	2
75658216	colloïdchemie	17	2
75656809	duurzame landbouw	17	4
75609509	huidziekten	17	2
139111301	cholesterol	17	1
07561765x	organisatieontwikkeling	17	4
75661233	melkveehouderij	17	5
75656507	aardappelen	17	3
75612569	kristallografie	17	1
75617234	ontwikkelingspsychologie	17	3
75600617	gedrag	17	3
75616823	oceanografie	17	1
75625296	veeziekten	17	3
75630001	china	17	1
75617269	oog(ziekten)	17	2
75657627	biochemisch onderzoek	17	2
75659646	grondwater	17	2
75605430	erosie	17	1
270934669	organometaalchemie	16	2
75675021	multiple sclerose	16	2
75660598	kristalchemie	16	2
75599635	archeologie	16	1
07566366x	seismologie	16	3
75605058	elektromagnetisme	16	3
75598949	aluminium	16	2
246139242	dierengenetica	16	3
75677865	medische statistiek	16	2
75657716	bloeddruk	16	1
75605716	evolutieleer	16	1
75689022	consumentengedrag	16	4
75659476	gezondheidsonderzoek	16	1
75610124	informatietechnologie	16	2
75631644	kenia	16	1
75651696	spierziekten	15	2
191737771	hepatitis	15	4
75661136	mathematische natuurkunde	15	2
75612119	klimatologie	15	1
75603209	computernetwerken	15	2
90998855	speltheorie	15	3
75617250	oogheelkunde	15	2
07562446x	transistoren	15	1
75608014	goederenvervoer	15	2
75664615	varkenshouderij	15	5
07560504x	elektrochemie	15	2
75664674	vegetatiekunde	15	1
397243782	biomarkers	15	3
75608510	gynaecologie	15	2
07561023x	insectenbestrijding	15	2
75657899	breuken (geneeskunde)	15	2
86762931	grondonderzoek	15	2
134940741	milieutoxicologie	15	4
126227810	driedimensionale afbeeldingen	15	1
75660474	koolstofverbindingen	15	3
07561538x	milieubeleid	15	2
75607344	geomorfologie	15	1
75628333	zenuwstelsel	15	3
75657678	biologische bestrijding	15	1
75664488	trillingsleer	15	2
75661713	neuropsychologie	15	3
75664925	vitaminen (voeding)	15	2
07565685x	aminozuren	14	3
75647621	reumatologie	14	2
75622505	spoorwegen	14	3
75599120	anesthesiologie	14	1
75626012	virologie	14	1
75615223	micro-elektronica	14	4
75658836	elektriciteitsvoorziening	14	3
75619512	productieplanning	14	2
277365465	aardappelen ; ziekten	14	4
75660962	longkanker	14	3
75659093	fotochemie	14	2
75602881	chips	14	4
75626306	vogels	14	2
75627035	weefselleer ; menskunde	14	1
75664100	straling	14	1
75668904	autoimmuunziekten	14	2
75651173	schildklier(ziekten)	14	3
75605538	ethologie	14	2
217578365	gentechnologie	14	3
265436885	supramoleculaire chemie	13	2
75599872	atmosfeer	13	2
297128736	stamcellen	13	3
75680505	kinesiologie	13	3
75677377	intensive care	13	2
75614286	luchtverontreiniging	13	2
75663317	regenwouden	13	2
75624540	treinverkeer	13	3
75625512	toxicologie	13	3
75601834	bosbeheer	13	2
13705601x	hiv	13	3
75625598	verkeersveiligheid	13	3
75620936	rundvee	13	4
75659565	golftheorie (natuurkunde)	13	2
75636808	voeding	13	1
75660490	koolwaterstoffen	13	3
75659417	gewasbescherming	13	4
115151907	chronisch zieken	13	2
07561295x	landbouwbedrijfsleer	13	3
75658437	cytostatica	13	3
75656205	tandheelkundige materialen	12	4
180964984	escherichia coli	12	2
75689871	infrastructuur	12	2
31540132x	biobrandstoffen	12	3
75658852	elektronische schakelingen	12	3
75666022	kankerpatiënten	12	2
75606844	verstandelijk gehandicapten	12	1
75659506	gezondheidszorg ; nederland	12	2
75626063	visteelt	12	2
07562219x	software	12	2
07560745x	gerontologie	12	1
75625415	verbintenissenrecht	12	2
75628341	zetmeel	12	3
75619784	psychopathologie	12	3
154073040	signaalverwerking	12	3
202424693	ondernemerschap	12	2
75657465	besluitvorming	12	1
07565959x	groei(stoornissen)	12	1
07561541x	milieuverontreiniging	12	1
75664054	stikstof	12	2
07561006x	industriële vormgeving	12	1
89041011	natuurbeheer en -ontwikkeling	12	1
75608251	grasland	12	1
75631245	indonesië	12	1
75617773	ouderdom	12	4
239541189	kennismanagement	11	2
07560146x	bloedziekten	11	2
83725237	orgaan- en weefseldonaties	11	3
75614499	ferromagnetische materialen	11	3
75673959	supergeleiding	11	2
75659441	gewrichtsziekten	11	2
75601303	biofysica	11	2
75635720	voedingsmiddelen	11	1
75666316	echografie	11	3
75665913	zwaartekracht	11	2
75620596	reuma	11	1
75619792	psychosen	11	2
75622068	sociale psychologie	11	3
101873360	organisatiesociologie	11	3
75627361	wetenschappelijk onderwijs	11	3
159340721	lichttherapie	11	2
75660695	landbouwproducten	11	4
75688409	traumatologie	11	3
75601451	bloedsomloop	11	1
75660784	leerprocessen	11	2
252310012	preventieve gezondheidszorg	11	2
75630567	ethiopië	11	1
122341686	coatings	11	1
75611910	kippen	11	6
75621940	sociaal-wetenschappelijk onderzoek	11	2
75612860	kustgebieden	11	1
07566643x	rivieren	11	1
75627965	zaadplanten	11	2
75628503	zintuigfysiologie	11	2
75648768	hersenen	11	1
75615541	mobiele communicatie	11	2
07566495x	vliegen (biologie)	11	5
182475743	tektoniek	11	3
75656892	antigenen	11	2
75660709	landinrichting	11	3
75624265	toerisme	11	1
75663104	procesbesturing	11	1
75618869	plattelandssamenleving	11	2
194449335	nierdialyse	10	2
07563841x	bodemkunde	10	1
75622793	stadsplanologie	10	3
203379888	data mining	10	3
75615355	migraine	10	3
89406516	echocardiografie	10	3
75601575	bodemverontreiniging	10	2
75603772	dementie	10	2
75598833	algebra	10	2
07559854x	ademhalingsorganen	10	1
242233414	zwangerschapshypertensie	10	2
75623226	strafrecht	10	2
07565976x	hoge-energiefysica	10	2
75662604	overheidsorganisatie	10	1
75617463	openbaar vervoer	10	2
75659638	grondmechanica	10	3
75620308	regeltechniek	10	2
75623544	taalverwerving	10	1
75599791	astronomie	10	1
75680068	landbouwkundig onderzoek	10	2
75614502	magnetisme	10	2
174684134	aandachtstekortstoornis (met hyperactiviteit)	10	3
75603195	computertoepassingen	10	1
75665611	wormen	10	3
75608243	granen	10	2
75665239	waterhuishouding	10	1
75598922	duurzame energie	10	2
75683245	wiskundige analyse	10	2
75663325	regionale economie	10	2
75608324	griep	10	3
75622653	spijsverteringsorganen	10	1
75615037	metaalkunde	10	1
75615134	methodologie	10	1
75626950	waterverontreiniging	10	2
26164419x	celdood	10	3
75615274	microscopie	10	1
75622696	staalconstructies	10	3
75620715	roken	10	2
75614898	meetinstrumenten	10	1
75656493	aansprakelijkheid	10	1
07560731x	geofysica	10	2
75598590	adolescentie	10	4
75658933	etnische groepen ; nederland	10	3
75657341	beendergestel	10	4
163824193	duurzaam bouwen	10	2
75642662	oeganda	10	1
90642074	magnetische materialen	9	2
75658283	computerlinguïstiek	9	2
75657686	biometrie	9	1
158564022	psychofysiologie	9	3
298060728	barrett-oesofagus	9	3
75624737	tuberculose	9	3
07568473x	ziekte van alzheimer	9	2
75663880	spierstelsel	9	1
75658321	computersystemen	9	1
24182625x	ontwikkelingsbiologie	9	2
75661144	mathematische programmering	9	1
07566089x	lineaire programmering	9	2
243146582	materiaalmoeheid	9	2
291493238	lactococcen	9	2
75663422	rijstbouw	9	4
75600447	bedrijfsorganisatie	9	2
75600943	beton	9	3
292486073	lymfocyten	9	3
75658666	econometrische modellen	9	1
75664186	systeemontwikkeling (informatica)	9	3
75663732	kleur- en smaakstoffen	9	4
75657228	bedrijfsinnovatie	9	2
75616491	netwerkplanning	9	2
75665786	ziektekosten	9	1
237788888	stamceltransplantatie	9	2
75660008	innovatie	9	1
75664623	vaste-stoffysica	9	2
75615908	multinationale ondernemingen	9	2
75640066	tanzania	9	1
75600234	bankwezen	9	3
75618311	patiënten	9	1
18332689x	china ; economie	9	2
75654415	dierproeven	9	1
75663090	privacy	9	2
75672782	cad/cam	9	2
188708510	west-afrika	9	2
75603454	corrosie	9	1
75642654	zimbabwe	9	1
75658178	chromosomen	9	3
75664275	tarwe	9	3
168749203	overstromingen	9	3
75660733	lasertechniek	9	2
75657635	bio-energie	9	2
227450655	kinderoncologie	9	3
75626276	voedselvraagstuk	9	2
75605260	emoties	9	3
75599988	automobilisme	9	1
75619970	radiologie	9	2
153878231	personenvervoer	9	2
75605309	energiebesparing	9	2
75617226	ontwikkelingslanden	9	1
75639173	ghana	9	1
75612941	landbouw	9	3
75635526	arbeidsomstandigheden	9	1
75622025	sociale geografie	9	2
75617641	organisatieleer	9	1
75660725	landschapsecologie	9	2
75672596	cultuursociologie	9	3
323940382	eierstokkanker	8	3
75622548	sportgeneeskunde	8	2
75617145	onroerende zaken	8	1
264121368	hersentumoren	8	3
75652528	kunstmatige intelligentie	8	1
75601923	bouwkunst	8	2
75600951	betonconstructies	8	3
75636778	verkeer	8	1
75635283	farmacie	8	1
75624362	topologie	8	2
07562706x	weekdieren	8	3
75621169	scheepsbouw	8	1
75599880	atomen	8	2
75613816	levensbeschrijvingen	8	1
75601842	bosbouw	8	2
75665441	wind	8	2
75608219	grammatica	8	2
75598566	bestuursrecht	8	2
75663082	privatisering	8	1
75666014	verkeerswegen	8	3
75671840	bioritmen	8	1
75651572	diergedrag	8	4
75601052	bewegingstherapie	8	2
75656779	algen	8	2
267164610	voedselallergie	8	3
29233012x	drug targeting	8	4
75659816	huidkanker	8	3
07567954x	osteoporose	8	2
75660164	kaakchirurgie	8	3
121700313	reukstoffen	8	4
75617749	orthopedagogiek	8	3
75625822	verstedelijking	8	2
07561992x	radar	8	1
75610434	investeringen	8	1
75606704	gassen ; mechanica	8	2
75604817	economische groei	8	1
75608367	groenteteelt	8	5
182931137	electronic commerce	8	2
75663457	radiodiagnostiek	8	3
75682109	broeikaseffect	8	3
75625547	verkeersbeleid	8	2
408069872	nanomaterialen	8	3
75619695	psychiatrie	8	1
29887718x	farmacokinetiek	8	4
75617609	optische instrumenten en technieken	8	1
75632527	mexico (land)	8	1
07561183x	kinderpsychologie	8	4
327300647	sensortechnologie	8	2
75601745	bomenteelt	8	1
75619954	radioastronomie	8	2
07566058x	kristallen	8	1
75618796	plantkunde	8	2
75680114	financieel management	8	2
75664321	technologische vernieuwing	8	2
75610698	jeugd	8	1
175158614	omgevingspsychologie	8	3
75636786	vervoer	8	1
07566013x	jeugdgezondheidszorg	7	2
121730735	hyperthermie	7	1
75603799	demografie	7	1
75614901	meetkunde	7	2
75607204	geneeskunde	7	1
75661063	management ; gezondheidszorg	7	2
75612461	kosmologie	7	1
153186607	malaria	7	3
88227227	kennissystemen	7	2
75684349	ziekte van hodgkin	7	3
75623218	strafprocesrecht	7	3
75669854	medisch onderwijs	7	2
84826533	vogelkunde	7	3
07562351x	systeemtheorie	7	1
75599171	anorganische chemie	7	2
238924262	glaucoom	7	3
75599910	autisme	7	3
75610310	intern transport	7	1
75610388	internationale economie	7	2
07567923x	mathematische psychologie	7	3
75618818	plastische chirurgie	7	3
75622874	statistiek	7	1
75611201	kankerbestrijding	7	2
174882149	prenatale diagnostiek	7	3
75600390	bedrijfsgeneeskunde	7	2
75606852	geestelijke gezondheidszorg	7	2
263313506	voorraadbeheer	7	2
75610353	internationaal recht	7	2
75657287	bedrijfsvestiging	7	3
75659344	geneeskunde ; opleiding	7	2
75665506	wiskundige logica	7	2
75659964	industriële innovatie	7	2
75622882	stedenbouw	7	4
37834823x	oncologische chirurgie	7	3
100450830	russische federatie	7	1
75623498	syntaxis	7	2
75604825	economische politiek	7	2
75601478	bloedtransfusie	7	1
314342192	sekseverschillen	7	2
75625288	veeteelt	7	4
75601524	bloementeelt	7	5
98141651	tribologie	7	2
75615118	meteorologie	7	1
75657473	bevolkingsonderzoek	7	2
07567856x	theoretische natuurkunde	7	2
75658089	chemische fysica	7	2
75609525	huisartsen	7	2
75680041	revalidatiegeneeskunde	7	2
291506313	geslachtshormonen	7	2
75612895	kwaliteitsmanagement	7	2
75658887	energie-economie	7	2
75651645	agressie	7	4
75626683	vuilverwerking	7	3
75664607	variatierekening	7	2
75598361	aardkorst	7	3
75606593	fysiologie	7	1
75602040	brandstoffen	7	2
141004967	procesindustrie	7	3
88165566	vietnam	7	1
07567842x	endoscopie	7	3
75601931	bouwmaterialen	7	2
07565668x	agrarische sociologie	7	3
75620251	recycling	7	4
09004147x	risicobeheer	7	2
75656612	aërodynamica	7	3
07568893x	economische geografie	7	2
75665883	zuurstof	7	1
75598787	akoestiek	7	3
89481925	burkina faso	7	1
07566562x	zaad (landbouw)	7	4
75628899	afrika	7	1
75612968	landbouwbeleid	7	2
75659921	incontinentie	6	2
122338634	virtual reality	6	1
75648636	psycholinguïstiek	6	2
292322593	artrose	6	3
190748389	lupus erythematodes	6	3
291944671	psychofarmaca	6	3
75599589	arbeidsrecht	6	2
75625342	vennootschappen	6	2
242732836	luminescentie	6	3
216389194	containervervoer	6	3
370853911	orthopedische chirurgie	6	2
236130854	septikemie	6	2
24391041x	ziekenhuisinfecties	6	3
75674408	neutronenradiografie	6	1
75653451	chromatografie	6	3
75618478	personeelsbeleid	6	1
75625008	universiteiten	6	1
75659158	functietheorie	6	2
75606534	fruitteelt	6	5
136927971	tweetaligheid	6	2
07560275x	chemie	6	1
227555309	teamwerk	6	4
75627558	windturbines	6	4
07568859x	vermogenselektronica	6	4
19514015x	wachttijdtheorie	6	4
75660059	internationale organisaties	6	1
242296734	ovaria	6	2
75607417	geriatrie	6	2
75625563	verkeerskunde	6	1
75660466	koolhydraten	6	2
75659581	grafentheorie	6	2
75605368	engelse taalkunde	6	2
387365257	intelligente transportsystemen	6	2
75610221	insecten	6	4
407433503	wespen	6	5
75610116	informatievoorziening	6	1
07565881x	eerstelijnsgezondheidszorg	6	2
75690640	vloeistoffen	6	1
75659484	gezondheidsvoorlichting	6	2
195152700	interstellaire materie	6	2
75622750	staatsrecht	6	2
75622688	staal	6	1
205437494	manisch-depressieve stoornis	6	1
07559904x	analytische chemie	6	2
75603586	cultuurgeschiedenis	6	2
75659360	geotechnologie	6	2
75664658	veehouderij	6	4
75604930	elektriciteitsleer	6	2
75635496	geodesie	6	1
75689197	voedingsmiddelen ; conserveren	6	2
75660148	jeugdzorg	6	2
75609487	huid	6	1
75646641	alvleesklier(ziekten)	6	3
07998455x	prijsstelling (bedrijfseconomie)	6	3
75614820	medezeggenschap	6	1
75681269	gehoor	6	2
75644762	terminals (vervoer)	6	3
75658275	computers in het onderwijs	6	3
75605341	energievoorziening	6	2
75599023	amputaties	6	3
75600412	bedrijfskunde	6	1
75622807	stadsvernieuwing	6	5
75607484	geslachtsorganen	6	1
75621606	semantiek	6	2
75663198	kwantumchemie	6	2
75614359	maagziekten	6	2
75615312	midden- en kleinbedrijf	6	2
75634643	zuid-afrika	6	1
75655675	nepal	6	1
75658828	efficiency	6	1
07562091x	ruimtelijke ordening	6	1
75672901	benin	6	1
75659514	gezondheidszorg ; buitenland	6	2
75617927	paarden	6	4
75659409	gevaarlijke stoffen	6	2
75604132	diergeneeskunde	6	2
75661381	mineralen (voeding)	6	2
371244730	agroforestry	6	4
75657260	ondernemingsrecht	5	2
311716482	syndroom van sjögren	5	3
75625733	vermogensrecht	5	2
75660822	leidinggeven	5	1
302322469	computerarchitectuur	5	2
279740026	syndroom van guillain-barré	5	3
75654741	hemofilie	5	3
75615401	milieurecht	5	3
75603233	computerwiskunde	5	2
07562298x	sterren	5	2
07562799x	zakenrecht	5	2
75611821	kinderpsychiatrie	5	2
75655624	orthodontie	5	3
75607735	gezinssociologie	5	3
75661152	mechanische technologie	5	2
84789891	lymfklier(ziekten)	5	3
75624745	tuberculosebestrijding	5	1
242836615	information retrieval	5	2
75625741	verpakking	5	1
75619733	psychodiagnostiek	5	3
75602679	cement	5	3
07561880x	plastics	5	3
75657422	beleggen	5	3
75622785	stadsgeografie	5	3
243144229	bekken (anatomie)	5	5
75605317	energiebronnen	5	1
75600927	bestuurswetenschap	5	1
75689219	voedingsmiddelenindustrie	5	3
07563323x	peru	5	3
07566612x	statistische mechanica	5	2
75623323	studenten	5	1
267104944	antropogenetica	5	3
75610132	infraroodtechniek	5	1
75617870	overheidsbeleid	5	1
291281559	plattelandseconomie	5	2
75620618	revalidatie	5	1
75661888	offshore technologie	5	2
75599554	arbeidsmigratie	5	2
75663252	recht ; geschiedenis	5	2
07561636x	navigatie-instrumenten	5	1
75601974	bouwtechniek	5	2
75614235	luchthavens	5	4
75635941	mensenrechten	5	1
75686899	computergraphics	5	1
75612291	koloniale geschiedenis ; nederland	5	3
75599147	angsten	5	1
75612208	knaagdieren	5	3
75663171	psychosociale hulp	5	2
75602245	taalkunde ; overige talen	5	2
75624699	tropische ziekten	5	2
75628457	ziekteverzuim	5	1
75658232	communicatiesystemen	5	1
75663724	slib	5	1
180713000	elektrofysiologie	5	2
155731181	persoonlijkheidsstoornissen	5	2
157198022	plankton	5	3
75613123	lassen	5	1
75603705	databanken	5	2
75600919	bestrijdingsmiddelen	5	1
75632705	nederland	5	1
75604582	drinkwatervoorziening	5	3
75615665	monetaire politiek	5	3
07565914x	fruit	5	2
75659115	foutentheorie	5	1
185947549	eindige-elementenmethode	5	3
75614855	medische ethiek	5	3
75610175	inkomensverdeling	5	1
75619504	productie	5	1
166270431	radiobiologie	5	1
75614812	mechanica	5	2
75658364	conflicten	5	1
97727075	cystic fibrosis	5	3
75625326	veiligheidstechniek	5	2
75635593	informatieverwerking	5	1
75636824	wet- en regelgeving	5	1
75613069	landschapsarchitectuur	5	3
75624060	therapieën	5	1
75614928	melk	5	3
123281172	informatiemanagement	5	2
75606887	geheugen	5	4
75618001	paleontologie	5	1
07562964x	bangladesh	5	1
75627426	wetenschapsleer	5	2
75661101	markttheorie	5	2
75605147	elektrotechniek	5	2
75599503	arbeidseconomie	5	3
75653370	ionen	5	2
75619652	prijspolitiek	5	3
75634058	sri lanka	5	1
07560826x	grassen	5	1
75658313	informaticarecht	5	2
75616246	natuurbescherming	5	1
75657805	bossen	5	1
75686252	dyslexie	4	3
07559918x	antennes	4	1
75611279	kantoorgebouwen	4	2
75658100	chinese taal- en letterkunde	4	2
75659549	glastuinbouw	4	5
241425522	foraminiferen	4	3
189672676	slakken	4	4
75661004	luchtvaarttechniek	4	2
332995682	sociale media	4	2
75624834	tunnelbouw	4	2
371085454	schildklierkanker	4	3
227408284	xenotransplantatie	4	3
75611481	kennisleer	4	2
75622580	spraakstoornissen	4	1
75657023	arbeidssociologie	4	3
185911978	salmonella	4	2
75613905	licht	4	2
75606194	financieringsleer	4	3
75661039	maagkanker	4	3
75627094	wegenbouwkunde	4	2
75662914	plasmafysica	4	2
75619709	psychiatrische behandelingsmethoden	4	1
161784372	mantelzorg	4	3
75619490	privaatrecht	4	2
75620669	rioleringen	4	1
75662884	plantaardige oliën	4	1
75604159	dieselmotoren	4	4
75605783	experimentele fysica	4	2
07561166x	kernreactoren	4	1
07566349x	ruimtevaarttechniek	4	2
75608804	havens	4	1
75617137	onkruidbestrijding	4	1
75598663	afasie	4	3
75625695	verloskunde	4	2
75605090	elektronica	4	3
292394365	ondernemingsbestuur	4	2
75607808	gieterijtechniek	4	2
75603187	computergeheugens	4	5
29153399x	streptokokken	4	2
75625229	vectoranalyse	4	2
241503647	massaspectrometrie	4	3
175585261	bedrijfsmilieuzorg	4	2
07561278x	kunststoffen	4	2
75604663	duinen	4	2
31537800x	plaveiselcelcarcinoom	4	3
75617625	opvoeding	4	1
75663740	snijbloemen	4	2
75688247	vrouwen ; gezondheidszorg	4	2
75661454	morfologie (biologie)	4	2
75598388	aardolie-industrie	4	4
75651378	neurochirurgie	4	3
75670380	in-vitrofertilisatie	4	2
216088011	niet-gouvernementele organisaties	4	2
75657929	allochtone jongeren	4	4
177178264	woningmarkt	4	3
75615371	milieubeheer	4	1
75599546	arbeidsmarkt	4	4
75603527	criminaliteit	4	1
75662086	opsporingsonderzoek	4	1
75628619	zout	4	1
75607336	geologie	4	2
75599724	asielrecht	4	3
402314883	competentiegericht onderwijs	4	2
277360307	humaan papillomavirus	4	3
75620138	rechterlijke macht	4	2
75664917	vitaminen (biologie)	4	2
75612917	laboratoriumtechnieken	4	2
75626500	voortgezet onderwijs	4	2
75663449	robotica	4	4
197228631	hersenvliesontsteking	4	3
75687704	bodemsanering	4	3
75631210	india	4	1
75607530	gesteenten	4	1
75663791	sociale veranderingen	4	1
75605732	exegese	4	1
391741861	disease management	4	2
75620170	rechtspraak	4	1
241689473	enzymtherapie	4	3
75672588	taxonomie (biologie)	4	2
75662892	plantengeografie	4	3
262668882	controletheorie (wiskunde)	4	2
75615657	mondhygiëne	4	3
100253369	neurale netwerken	4	2
75601885	bouwbedrijf	4	2
75666030	longchirurgie	4	3
75638436	noordzee	4	1
75666472	computerbeveiliging	4	2
241543932	gehoorapparaten	4	4
165972076	biomechanica	4	3
227914430	maïs	4	2
228056330	financiële markten	4	2
75628562	zonne-energie	4	2
75628449	ziekteleer	4	1
75661675	neerslag	4	2
75665905	zure regen	4	3
75620189	rechtssociologie	4	3
75663767	sociaal-economisch beleid	4	2
75604175	digitale techniek	4	3
75612542	kredietwezen	4	4
75615363	migratie	4	1
07559871x	afvalstoffen	4	2
244620741	schadevergoeding	4	2
75636751	autoverkeer	4	2
75603551	culturele antropologie	4	2
75662000	ontwikkelingseconomie	4	2
75689863	jeugdpsychiatrie	4	2
75627108	wegverkeer	4	2
75620553	onderzoek en ontwikkeling	4	1
75619741	psychomotorische therapie	4	2
75660385	kindervoeding	4	2
75598396	aardoliewinning	4	2
75684365	economische psychologie	4	3
75608375	groepen (sociologie)	4	3
75659298	geluk	4	1
07565766x	biologisch onderzoek	4	2
07568554x	europa ; economie	4	2
75645815	kameroen	4	1
75660326	kinderen	4	1
75618516	persoonlijkheidsleer	4	3
75663155	psychiatrische patiënten	4	2
75670836	aquacultuur	4	1
75627930	ijzer	4	2
75633558	thailand	4	1
75608413	grondpolitiek	4	2
75622661	spijsvertering	4	1
75615495	mineralen	4	1
07560566x	europese integratie	4	1
75630753	filippijnen	4	1
12385914x	victoriameer	4	1
75637391	brazilië	4	3
75626268	voedingsmiddelencontrole	4	1
292009585	maatschappelijk verantwoord ondernemen	4	3
160789532	beroepsziekten	4	2
75602156	bruggen	4	1
75600897	besliskunde	4	1
75660393	kinderziekten	4	2
406332118	maan	3	3
75609746	hydraulische techniek	3	2
75607360	gerechtelijke geneeskunde	3	2
75605414	erfrecht	3	2
07561748x	openbare financiën	3	3
75614383	maatschappelijk werk	3	1
75599767	astrochemie	3	2
227580532	kwantumveldentheorie	3	2
75652374	vlinders	3	5
75619539	programmeertalen	3	1
75614804	middelbaar beroepsonderwijs	3	3
216265517	bestuurdersaansprakelijkheid	3	2
75688913	elektrocardiografie	3	3
75617676	organische technische oliën	3	1
75612275	koeltechniek	3	2
34164854x	bestuursprocesrecht	3	3
75621991	sociale ethiek	3	2
75613743	leraren	3	1
188845534	asfalt	3	3
75611368	cartografie	3	1
75610329	internationaal handelsrecht	3	3
07562494x	uitgeverij	3	1
75660814	leesvaardigheid	3	2
75606283	fonologie	3	2
07562575x	verpleegkunde	3	1
75663228	radiochemie	3	2
75609886	immigratie	3	2
75664984	vliegtuigmaterialen	3	4
191475289	onderhandelen	3	2
07561037x	internationaal strafrecht	3	3
75600978	beurswezen	3	2
75604809	economie	3	1
75605899	farmaceutische producten	3	1
75659204	gasvoorziening	3	3
96044020	spraak (computertechniek)	3	2
75659611	groepentheorie (wiskunde)	3	2
263505294	blaaskanker	3	3
215174062	parodontologie	3	3
75656515	aardmagnetisme	3	3
75605848	faillissementsrecht	3	2
07561703x	onderwijsresearch	3	2
315466634	emissiehandel	3	4
75623560	taalwetenschap	3	1
244172382	coeliakie	3	3
75674416	compileerprogramma's	3	2
75601737	bomen	3	2
75614685	marktonderzoek	3	4
75662787	pathologische anatomie	3	4
75663074	prijsontwikkeling	3	1
75625776	verpleegtehuizen	3	1
273852167	microsysteemtechnologie	3	2
75619016	politieke partijen ; nederland	3	3
75612100	klimaatregeling	3	1
75614987	menstruatie(stoornissen)	3	3
75689855	chaostheorie	3	2
75647303	lesgeven	3	1
75665514	wonden	3	2
75618966	politie	3	1
163153388	gebruikersinterfaces	3	2
75687429	indonesië ; economie	3	2
75630974	groningen (stad)	3	3
75606763	geboortenregeling	3	1
75619881	pijpleidingen	3	3
75658380	consumentenrecht	3	2
75658348	concurrentie	3	1
75618974	politiek	3	1
318138980	kalimantan	3	2
75676826	toegepaste chemie	3	2
75607123	geluidsleer	3	2
75664143	subsidies	3	4
75660040	internationale handel	3	2
75610817	jeugdpsychologie	3	4
07564763x	brandwonden	3	3
07565735x	bejaarden ; maatschappij	3	2
75658747	economische delicten	3	2
75604957	elektrische energietechniek	3	3
30838153x	burgerschap	3	2
75600293	basisonderwijs	3	2
75660636	publieke sector	3	2
75598825	alcoholisme	3	2
07561877x	plantenteelt	3	5
75626691	vulkanisme	3	1
317672576	industriële ecologie	3	2
75653559	eritrea	3	1
91392314	middellandse zee	3	1
75616521	neurosen	3	3
317666436	zoönosen	3	3
75627299	werktuigbouwkunde	3	1
75598604	adoptie	3	3
75620766	romeins recht	3	2
75657007	arbeidsproductiviteit	3	4
75669986	duitsland ; geschiedenis	3	2
75617048	onderwijssociologie	3	3
75622815	stadssamenleving	3	3
07561247x	kostprijsberekening	3	3
75654733	scoliose	3	2
75631296	iran	3	1
75618052	papierindustrie	3	3
75601915	bouwkunde	3	1
75661993	ontbossing	3	2
75599228	anticonceptie	3	1
75684896	medisch specialisten	3	2
75615754	morfologie (taalwetenschap)	3	2
75648571	geschiedenis van de geneeskunde	3	2
75617072	onderwijsvernieuwing	3	1
75621053	satellietcommunicatie	3	2
75636204	burgerlijk recht	3	3
75605694	euthanasie	3	1
75611503	keramische technologie	3	2
75607190	geneeskrachtige kruiden	3	4
321640241	botkanker	3	3
75628392	ziekenhuizen	3	1
75686880	syndroom van down	3	3
07563032x	egypte	3	1
185267408	voetgangers	3	2
75627256	werkloosheid	3	4
75661241	mest	3	4
331370514	vredesmissies	3	2
188301097	syndroom van gilles de la tourette	3	3
227849205	variantie-analyse	3	3
75623005	sterven	3	1
75610272	integraalrekening	3	2
75653192	aids	3	3
75660717	landschapsbouw	3	2
14543320x	milieuwetenschappen	3	1
75602776	chemische industrie	3	4
75638630	argentinië	3	3
75659174	fysische technologie	3	2
75612984	landbouwonderwijs	3	2
75663953	inspanningsfysiologie	3	2
75657031	archeologie ; nederland	3	2
75650711	boortechnologie	3	2
75603578	cultuurfilosofie	3	2
75688239	migranten ; gezondheidszorg	3	2
234674717	hagiografie	3	2
75613271	belastingen	3	1
297323547	breuken (mechanica)	3	3
22745944x	cytomegalovirus	3	3
07562110x	schaaldieren	3	4
31767885x	familie(relaties)	3	1
75614456	macro-economie	3	2
75623552	taalstoornissen	3	2
75602571	carrièreplanning	3	2
75598302	aardewerk	3	1
75662167	organisatiepsychologie	3	3
75636794	vervoermiddelen	3	1
75607557	getijden	3	2
269707646	kustwerken	3	4
75660407	kledingindustrie	3	3
75645556	antarctica	3	1
75611325	kapitaalmarkt	3	3
75599678	armoede	3	3
75664992	vliegtestinstrumenten	3	4
75605333	energiebeleid	3	2
07562320x	straffen	3	1
75627590	wiskunde	3	1
75665840	dierengeografie	3	3
75664356	theoretische informatica	3	3
75636220	programmeren	3	1
124140912	internet	3	3
75599945	automatisering	3	1
75620405	relativiteitstheorie	3	2
75605392	epilepsie	3	2
182460185	ziekte van ménière	3	3
255335903	konijnen	3	3
12160800x	multimedia	3	2
75676206	veldtheorie	3	2
75636832	woningbouw	3	1
314818669	non-hodgkinlymfoom	3	3
75607778	gezondheidsrecht	3	2
75665646	maritieme geschiedenis	3	2
75617862	overgangsjaren	3	1
75690810	productinformatie	3	1
75656922	apen	3	3
75607492	geslachtsziekten	3	3
75661055	macht	3	1
75656701	landbouwgeschiedenis	3	2
75607913	gletsjers	3	1
07561149x	kennissociologie	3	3
75636247	rampen	3	1
75640074	maleisië	3	1
75659913	identiteit	3	3
165977477	ultraviolette straling	3	2
75640430	midden-amerika	3	2
75628694	zuivelproducten	3	2
07562737x	wetenschappelijk onderzoek	3	1
07561796x	paddenstoelen	3	4
75627027	weefselleer ; dierkunde	3	1
75635003	huwelijk	3	2
75602032	brandpreventie	3	1
75609371	horecabedrijf	3	2
406626618	cateringbedrijf	3	2
75613662	leerpsychologie	3	3
75629984	bolivia	3	3
75657643	biogeografie	3	2
75604612	druggebruik	3	2
07560339x	consumentenaangelegenheden	3	1
75636352	italië	3	1
75623404	suiker	3	3
230084117	zink	3	3
75606895	geheugenstoornissen	3	2
07561216x	klonen	3	4
75624982	uitvoer	3	2
75660679	landbouwbeleid ; nederland	3	3
189090367	scanning	3	2
75687658	levensstijlen	3	4
75598523	ademhaling	3	1
75599015	amfibieën	3	2
75619385	prehistorie	3	2
75632055	leiden	3	3
185802362	chinezen	3	4
215699319	oost-afrika	3	2
75665158	vrouwen	3	1
75628198	zeeverontreiniging	3	3
274576406	cultureel erfgoed	3	3
146950194	beroepsethiek	3	2
75659182	gammastraling	3	3
75618729	planologie	3	2
75616858	octrooirecht	3	4
75621983	sociale ecologie	3	2
75617633	opvoedingsinrichtingen	2	2
75620863	rubber	2	1
75616572	nieuwe testament	2	2
256181160	contemporaine filosofie (20e en 21e eeuw)	2	2
75656965	arbeidsongeschiktheid	2	1
75620790	roofdieren	2	3
330036203	cultuurparticipatie	2	4
75600102	baggerwerken	2	3
258321415	plantenhormonen	2	3
75627825	filosofische ethiek	2	2
75613735	lepra	2	3
227487303	grondrechten	2	1
273849972	amyotrofische lateraal sclerose	2	2
75685280	gebarentaal	2	2
241392489	schisis	2	3
86892916	contactlenzen	2	4
264577515	ganzen	2	3
242136559	mars (planeet)	2	2
07561832x	patiëntenrecht	2	2
239638948	mensenhandel	2	2
75603780	democratie	2	1
75620227	reclamepsychologie	2	3
93402112	ruimteonderzoek	2	2
75603217	computerprogramma's	2	1
75621789	slechthorendheid	2	3
75611953	klassieke filosofie	2	2
75664208	taalbeheersing	2	1
75606550	funderingstechniek	2	3
75672529	ziekte van huntington	2	2
75627922	ijstijden	2	3
75621258	schilderkunst	2	3
07561040x	interne geneeskunde	2	2
242632106	bedrijfsethiek	2	2
75657015	arbeidspsychologie	2	3
75609312	hoogspanningstechniek	2	3
75614111	logica	2	1
75665557	woningbouwverenigingen	2	3
75687550	europees milieubeleid	2	3
75608979	hermeneutiek	2	1
75601826	borstvoeding	2	3
15383580x	posttraumatische dystrofie	2	2
07565704x	argumenteren	2	2
75659271	geluidshinder ; verkeer	2	3
75608383	groepsdynamica	2	4
75627124	weidevogels	2	3
75622017	sociale geneeskunde	2	2
75622971	sterrenkijkers	2	2
75658585	dierenrecht	2	2
236266306	jeugdstrafrecht	2	3
291033512	paleo-ecologie	2	2
75623838	telecommunicatietechniek	2	2
75601893	bouweconomie	2	2
75663120	projectmanagement	2	2
75610485	islam	2	2
75612976	landbouwcoöperaties	2	3
75607158	gemeentebestuur	2	2
75598280	aardbevingen	2	3
75665069	vogelziekten	2	3
07561605x	mystiek ; religie	2	2
07562155x	seksualiteit	2	1
75620820	rooms-katholieke kerk	2	2
75609738	huwelijksrecht	2	3
75610019	industrie	2	2
256126593	nieuwe filosofie (17e-19e eeuw)	2	2
75678985	spina bifida	2	3
75635143	communicatie	2	1
75600013	autotechniek	2	2
148207103	postmodernisme	2	2
75617013	onderwijsbeleid	2	2
75659239	gehandicapten ; onderwijs	2	2
75601958	bouwnijverheid	2	1
291274978	neutronensterren	2	3
07561135x	kartels	2	1
75625717	vermoeidheid	2	1
75665247	waterkracht	2	2
75661691	neuro-anatomie	2	4
75615029	metaalindustrie	2	3
75663694	seksualiteit ; jongeren	2	2
75608715	hardware (computers)	2	2
75612372	koper	2	2
75603675	dammen (bouwkunde)	2	4
75637898	aruba	2	1
75613638	leermoeilijkheden	2	1
189870575	voorbereidend middelbaar beroepsonderwijs	2	4
264781066	epstein-barr virus	2	3
75614065	lithograferen	2	4
75615983	muziekgeschiedenis	2	2
07562754x	windenergie	2	2
315396946	ziekte van crohn	2	3
75626659	vrijetijdsbesteding	2	2
75606860	gehandicaptenzorg	2	1
07562558x	verkeerstekens	2	1
75631601	's-hertogenbosch	2	3
75626462	volwasseneneducatie	2	3
75617056	onderwijsstimulering	2	1
75611066	kadaster	2	1
75628554	zon	2	3
75607999	godsdienstsociologie	2	3
07566464x	vectorrekening	2	2
75610248	installatietechniek	2	2
75621797	slechtziendheid	2	3
75628511	zintuigen	2	1
75613751	lerarenopleidingen	2	2
75598450	accountancy	2	1
75606836	gedragstherapie	2	2
75664801	vertelkunst	2	2
75614332	lijm	2	1
75604183	dioden	2	3
75601230	bier	2	3
75603713	datacommunicatie	2	2
75627078	weersvoorspelling	2	2
75623013	stervensbegeleiding	2	1
75633485	rotterdam	2	3
270910557	cognitieve therapie	2	3
75669838	patiëntenvoorlichting	2	3
75663937	sportbeoefening	2	2
175796777	benchmarking	2	3
29141270x	visserijbeleid	2	2
75659212	gehandicapte kinderen	2	2
75599937	auto-industrie	2	3
75609800	hygiëne	2	1
75635178	dieren	2	1
75662183	organische mest	2	5
75652382	bijen	2	5
275888126	banc d'arguin	2	2
75616386	nederland ; geschiedenis	2	2
75630796	friesland	2	2
122442083	kolenvergassing	2	1
75661462	mossen	2	2
75600706	belastingrecht	2	2
75625350	vennootschapsbelasting	2	2
75661403	moederschap	2	3
75631342	japan	2	1
75617005	onderwijs	2	1
75662345	psalmen	2	3
75598884	alimentatie	2	2
121683281	eetstoornissen	2	2
96114746	nucleaire geneeskunde	2	2
188447318	deltagebied	2	2
75661624	nederlandse letterkunde ; 19e eeuw	2	3
75628015	zangvogels	2	3
75690926	vervoersrecht	2	2
20281596x	koorts	2	2
75610094	inflatie	2	4
75622327	sparen	2	4
75621207	scheepvaart	2	2
75615487	multiculturele samenleving	2	2
121655849	audiologie	2	1
75665654	zeewater	2	2
75635704	akkerbouw	2	4
75658755	economische crises	2	1
27385576x	outsourcing	2	3
75601680	boerderijen	2	2
115595988	pcb's	2	3
75658054	celtherapie	2	2
75627221	werkgelegenheidspolitiek	2	2
75668610	java (eiland)	2	2
75626233	vluchtelingenvraagstuk	2	1
75626381	volkshuisvesting	2	2
07560597x	feminisme	2	3
75606275	fonetiek	2	2
75604167	differentiaalrekening	2	2
75632713	nederlandse antillen	2	1
75665816	zoetstoffen	2	2
84479604	lexicologie	2	2
75613883	lichamelijk gehandicapten	2	1
75662574	overheid ; automatisering	2	2
75627493	wildbescherming	2	2
75604949	elektrische centrales	2	1
75618737	plantenanatomie	2	3
75625849	vertalen	2	1
75635534	hardlopen	2	3
07561331x	bedrijven	2	1
75661608	nederlandse dialecten	2	3
07563385x	twente	2	3
75624494	transseksualiteit	2	2
75649446	costa rica	2	1
75611430	katten	2	5
75659786	honden ; afzonderlijke rassen	2	4
75607549	getaltheorie	2	2
75657953	thuiszorg	2	3
356293319	bevolkingsdaling	2	2
12625849x	noord-nederland	2	2
75634252	waddenzee	2	1
75659379	geothermische energie	2	2
75607395	gereedschappen	2	1
75608669	handschriften	2	1
75678128	watergebieden	2	1
75599961	automatiseringstechniek	2	2
07565721x	bedrijfsgezondheidszorg	2	2
304488429	rechten van het kind	2	2
75605856	familierecht	2	2
75615509	mineralogie	2	1
75660512	koopwoningen	2	3
75661470	muggen	2	5
75665565	wonen	2	1
155586378	usambara	2	2
294703136	goederenrecht	2	2
75627604	wisselkoersen	2	5
75664399	toegepaste informatica	2	3
75685663	gemeentebeleid	2	2
75687348	fietsverkeer	2	2
75608200	grafologie	2	1
75604221	discriminatie	2	1
75620847	rouw	2	4
07566108x	mannen	2	1
75604191	diplomatie	2	1
75662175	organisch afval	2	3
80705146	djakarta	2	2
75606607	fysiotherapie	2	2
07566481x	verzamelingenleer	2	2
75630931	griekenland	2	1
75607980	godsdienstpsychologie	2	3
75627728	woningvraagstuk	2	1
75609177	hoefdieren	2	3
75640260	groningen (prov.)	2	2
07562673x	voorbereidend wetenschappelijk onderwijs	2	3
334614716	elektrische auto's	2	4
236273361	dwarslaesie	2	2
29637749x	drugsbeleid	2	2
75689057	arbitrage	2	2
75607654	geweld	2	1
75624885	tijdrekening	2	1
75615010	metaalbewerking	2	1
75637871	soedan	2	1
07566139x	moderne devotie	2	2
75611562	kerkgeschiedenis	2	2
24241138x	joint ventures	2	2
240518918	rechtseconomie	2	2
75622084	sociale wetenschappen	2	1
120460165	ouderen ; maatschappij	2	2
75613301	ondernemingen	2	1
75661314	mijten	2	4
75608839	hoger beroepsonderwijs	2	3
75614871	medische sociologie	2	3
75604019	dienstplicht	2	1
07562172x	slaapstoornissen	2	2
75616254	natuurgebieden	2	1
106517139	videofilmtechniek	2	2
75603977	didactiek	2	2
75661950	onderwijsbegeleiding	2	1
75635313	taalkunde	2	1
75624664	tropische vissen	2	3
75664976	vliegtuigconstructies	2	4
75661632	nederlandse letterkunde ; 20e eeuw	2	3
75613131	latijnse letterkunde	2	2
75626810	warmteleer	2	2
155926233	atlantische oceaan	2	1
75619075	pompen	2	1
75626861	waterbouwkunde	2	2
75658968	europese samenwerking	2	1
75616114	coniferen	2	3
106811037	tsjechië	2	1
75687445	publiek-private samenwerking	2	2
75598272	aandelen	2	5
98254073	pragmatiek	2	2
75658011	carrière maken	2	1
99581760	oekraïne	2	1
75609827	hypotheken	2	5
75611376	kartonindustrie	2	3
75618850	plattelandsgeografie	2	3
235698598	kindersterfte	2	2
312981651	uiterwaarden	2	1
75604388	doofheid	2	3
134808223	lobbyisme	2	2
75636816	watervoorziening	2	1
75623528	taalachterstand	2	1
75665417	wieren	2	2
07566111x	marokkanen	2	3
75665026	vluchtelingen	2	1
75624680	tropische vruchten	2	3
75666553	borneo (eiland)	2	1
75601850	bosflora	2	2
75662655	ozon	2	1
75619822	psychotherapie	2	2
11559535x	dioxines	2	3
75615398	milieuhygiëne	2	2
258125586	pilbara	2	2
75666863	technologie en samenleving	2	2
75687984	expertsystemen	2	3
75600471	bedrijfssociologie	2	3
75624648	tropen	2	1
75615797	motivatie	2	4
75665492	wiskunde-onderwijs	2	2
75610779	jeugdgevangenissen	2	2
75664038	steenkool	2	3
75660431	kleuters	2	2
07563886x	sahel	2	2
75680890	middellandse zeegebied	2	1
75629550	amsterdam	2	3
75606437	franse letterkunde	2	2
23525083x	cochabamba	2	4
75622335	spastici	2	2
75635518	gezondheidsleer	2	1
258970537	milieuchemie	2	2
75625253	veengronden	2	1
75613581	colombia	2	3
07560101x	bevolkingsstatistiek	2	2
75613115	lasers	2	1
07565699x	arbeidsmobiliteit	2	2
75617242	ontwikkelingssamenwerking	2	1
75665700	17e eeuw	2	3
75660660	landbouwbeleid ; europa	2	3
163609810	sociotechniek	2	4
75628430	ziektekostenverzekeringen	2	2
07562785x	ijs (geologie)	2	3
75610191	inkoop	2	1
75625628	verkoopkunde	2	4
304295795	water	2	1
75668785	conserveren	2	1
75598760	agrarisch recht	2	3
75629992	chili	2	3
75616335	natuurreservaten	2	1
75677628	verenigde staten	2	3
75607050	geloofsleven	2	1
75612755	kunstmatige satellieten	2	1
07561958x	protestantisme	2	3
75618443	pensionering	2	1
75657155	baby's	2	2
75665735	ziekenhuizen ; economie	2	2
75613077	landschapsbescherming	2	2
75656655	afrikaanse volken	2	3
75661020	lymfvatenstelsel(ziekten)	2	2
75627272	werknemers	2	1
75627442	wettelijke aansprakelijkheid	2	2
75619830	puberteit	2	4
75606925	geiten	2	4
117230707	schoolloopbaan	2	1
161914527	educatieve software	2	3
156728281	trauma's (psychologie)	2	3
136345964	vijvers	2	2
298939150	syndroom van turner	2	3
173816533	rechtsinformatica	2	3
75624877	tijd	2	1
07562074x	sociobiologie	2	2
75672561	combinatietheorie	2	2
75664437	training (sport)	2	1
75684640	decentralisatie	2	2
75660849	levenskunst	2	1
75663678	seksualiteit ; mannen	2	2
75677490	vreemdelingenrecht	2	2
75637987	vrijwilligerswerk	2	2
75610108	informatietheorie	2	1
75626055	visserij	2	3
75677504	mondheelkunde	2	2
167259032	ambulancehulpverlening	2	2
75615444	militairen	2	2
75622033	sociale klassen	2	1
205442609	eutrofiëring	2	1
75605422	ergonomie	2	1
75688883	automatisch vertalen	1	2
301045054	domotica	1	2
75679779	verzekeringsrecht	1	2
21566180x	prionziekten	1	2
18906515x	cartesianisme	1	2
184818672	aanbestedingsrecht	1	2
75616742	notariaat	1	1
75635054	religieuze bouwkunst	1	3
314850244	auditing	1	1
75612739	kunstmatige inseminatie (mens)	1	2
75625644	verkoudheid	1	3
75625768	verpleegkundigen	1	1
75611597	kerkvaders	1	2
75606992	geldverkeer	1	2
75625172	vakkenpakketkeuze	1	1
75620154	rechtsfilosofie	1	2
75664828	verzoening (theologie)	1	2
75658070	chemisch onderzoek	1	2
75611813	kindermishandeling	1	2
191500151	decubitus	1	3
291385893	syndroom van sotos	1	3
75606232	flora	1	1
75601583	boeddhisme	1	2
75660296	kernreactie	1	1
75661586	natuuronderwijs	1	2
75625571	verkeersongelukken	1	2
75619717	psychiatrische centra	1	2
189892900	intuïtionisme (wiskunde)	1	2
75601982	bouwwetgeving	1	2
75611961	klassieke oudheid	1	3
189887990	cryptologie	1	1
75659220	gehandicapten ; beleid	1	2
75650274	anorexia nervosa	1	3
75661446	mondziekten	1	2
75608596	handelswetenschappen	1	1
75615630	windmolens	1	1
75606178	filosofie	1	1
157073491	geloof en wetenschap	1	1
148619576	whiplash	1	2
75620391	rekenstoornissen	1	2
07561054x	italiaanse letterkunde	1	2
75658917	erfpacht	1	2
75627698	woninghygiëne	1	2
07561913x	popmuziek	1	3
75660334	kinderloosheid	1	1
75603659	daltononderwijs	1	2
75668041	sponzen	1	3
75623021	stervensbegeleiding ; medische aspecten	1	2
258322926	ondergronds bouwen	1	3
75618389	pedagogiek	1	2
75612682	kunstbeleid	1	2
291382223	syndroom van prader-willi	1	3
75607506	gesprekstechniek	1	1
75664879	veteranenziekte	1	2
75616777	numismatiek	1	1
75616432	nederlandse taalkunde	1	2
291429092	beslag- en executierecht	1	4
07561314x	latijnse taalkunde	1	2
212687778	wavelet theorie	1	3
75611589	kerkrecht	1	2
75605031	elektro-akoestiek	1	4
75617188	ontslagrecht	1	2
75624559	trekvogels	1	3
184818842	mededingingsrecht	1	2
75616130	naamkunde	1	1
75627817	filosofische antropologie	1	2
75620774	romeinse rijk	1	4
75619598	protestantse kerken	1	2
75659662	grootwinkelbedrijf	1	3
75663562	schakeltechniek	1	2
75608421	grondwet	1	2
75664216	taalonderwijs	1	2
75660261	kerk en maatschappij	1	2
75620367	rekenkunde	1	2
75616904	ombudsman	1	1
75625407	verbrandingsturbines	1	4
75614626	marihuana	1	4
75607956	godsdienstfilosofie	1	2
75601494	bloembiologie	1	2
75658534	deegwaren	1	2
75664291	techniek ; geschiedenis	1	2
75666960	creooltalen	1	2
75663872	spelling	1	3
75659190	gassen ; natuurkunde	1	2
75610167	inkomensbesteding	1	4
75679922	amazone (rivier)	1	3
75612992	landbouworganisaties	1	4
75605740	existentialisme	1	2
07565993x	individualisering	1	2
75664585	uranium	1	1
75603055	classificaties	1	1
75657309	bedrijven ; automatisering	1	2
163329117	edi	1	3
75607875	glasvezeltechniek	1	3
75661071	management ; non-profitorganisaties	1	2
75615215	micro-economie	1	2
75610922	journalistiek	1	1
75690411	grafische programma's	1	2
75662698	parkeren	1	1
215863674	india ; economie	1	2
299111229	socialezekerheidsrecht	1	2
75658771	verlofregelingen	1	4
75624451	transformatoren	1	1
75608081	goud	1	3
75616408	nederland ; sociografie	1	2
291372171	publieke opinie	1	1
75664089	strafprocessen	1	1
75657511	bewegingsoefeningen	1	2
75623846	telefonie	1	3
75664070	stoma's	1	1
75636123	navigatie	1	1
75606496	friesland ; geschiedenis	1	3
75620634	revoluties	1	1
75663031	potplanten	1	2
75627183	wereldoorlog ii	1	2
75636050	terschelling	1	3
75662191	osmose	1	3
75605376	enquêtes	1	2
41683826x	elektronische patiëntendossiers	1	4
255802099	genetische algoritmen	1	2
75609983	indonesië ; geschiedenis	1	2
75620960	russische taalkunde	1	2
240584244	tsjetsjenië	1	2
75614154	lood	1	2
75689766	kaukasus	1	1
301076766	conflictbemiddeling	1	1
75606097	filmkunst	1	2
75664755	verlamming	1	3
162706189	limnologie	1	4
75602229	letterkunde ; overige talen	1	2
75647605	mesopotamië	1	2
07560955x	huishoudbudget	1	2
75625679	verlichtingstechniek	1	2
75619806	psychosomatische geneeskunde	1	2
75623579	tabak	1	2
310706041	koude oorlog	1	3
75620197	reclame	1	1
75602318	burgerlijk procesrecht	1	3
267645848	stortgoed	1	2
207318727	tijdmanagement	1	2
07562771x	woningonderhoud	1	2
75625792	verslaving	1	1
07563872x	molukken	1	2
07560244x	bijenteelt	1	6
75599481	arbeidsbemiddeling	1	2
75673827	schiphol	1	3
75688085	georganiseerde misdaad	1	2
75619849	public relations	1	1
75624656	tropische groenten	1	3
75683253	rekenonderwijs	1	2
75605910	fascisme	1	2
387520082	3d-printen	1	2
07998746x	intramurale gezondheidszorg	1	2
164139699	elektronische post	1	3
75606526	friesland ; sociografie	1	3
75636662	oorlogen	1	1
75633868	sierra leone	1	1
75612615	kruisverenigingen	1	3
75624842	tunnels	1	1
121648737	sanskriet	1	3
229721427	interculturele communicatie	1	4
75599082	anatomie	1	3
75659603	groenvoorzieningen	1	1
239223098	brede scholen	1	2
75609622	humanisme	1	2
75665859	zuid-amerikaanse volken	1	3
75635976	kreta	1	2
238895009	oude noorden (rotterdam)	1	4
237782820	bamboe	1	2
121904644	theaterwetenschap	1	1
75611848	jeugdrecht	1	2
75663805	sociale uitkeringen	1	1
07560647x	friese letterkunde	1	2
75606461	fresco's	1	4
75602814	china ; geschiedenis	1	2
370912136	pathofysiologie	1	2
75662418	ezechiël	1	3
207229090	pesten	1	5
75616289	natuurkunde	1	1
189186674	stedelijke economie	1	2
75620812	rooms-katholicisme	1	3
75618435	pensioenverzekeringen	1	2
07565783x	bouwkunst ; geschiedenis	1	2
75665263	weidebouw	1	4
75608316	griekse taalkunde	1	2
75610183	inkomstenbelasting	1	2
75635011	autobiografie	1	2
75611023	kabels en leidingen	1	1
75600986	bevallingen	1	3
75601397	blaasinstrumenten	1	2
75660016	integratie (sociologie)	1	3
75675323	meerlingen	1	1
07560552x	ethiek	1	1
75676990	dienstensector	1	2
84393939	analoge techniek	1	3
165742380	zuidoost-aziatische taal- en letterkunde	1	2
375264450	prosodie (taalwetenschap)	1	3
75661764	handelingen der apostelen	1	3
75599341	apocriefen	1	2
07563676x	luchtverkeer	1	3
75631970	latijns-amerika	1	2
07561975x	psychologie	1	2
75621584	seksuologie	1	1
75628260	zelfdoding	1	1
75628066	zeeflora	1	3
420705503	zuid-australië	1	2
75614634	marine	1	2
292336152	paleobotanie	1	2
07566478x	verpleegkundige technieken	1	2
75642131	guyana	1	3
75612747	kunstmatige inseminatie (vee)	1	2
75630052	curaçao	1	1
75632675	namibië	1	1
323871712	mindfulness	1	4
75686457	draagmoederschap	1	4
75662817	personeelsbeoordeling	1	2
75614049	literatuursociologie	1	3
75604884	effectenwezen	1	4
230088244	kankerverwekkende stoffen	1	3
185918115	verdroging	1	2
264105591	uml	1	4
75613468	inlichtingen- en veiligheidsdiensten	1	1
75622114	sociolinguïstiek	1	2
75637146	brieven	1	1
75689510	ouderenzorg	1	3
142944041	guyane	1	3
240774655	warmtepompen	1	2
75636913	oss	1	3
75667711	himalaya	1	1
75657651	biologie-onderwijs	1	2
07565833x	computerspelen	1	2
38902970x	tibetaans plateau	1	1
07563418x	suriname	1	3
75603853	detailhandel	1	2
75613867	lichaamstaal	1	2
75664224	tandaandoeningen	1	2
237938758	presentatie	1	2
87623099	oost-europa ; economie	1	2
216265444	beroepsaansprakelijkheid	1	2
75603497	creativiteit	1	1
75672189	caribisch gebied	1	2
264573919	indianentalen	1	2
153258764	oostvaardersplassen	1	3
186033907	andhra pradesh	1	2
75660245	kerkelijke ambten	1	1
75615290	middeleeuwen	1	2
09787177x	edp-auditing	1	2
75633280	polen	1	1
75626977	watervogels	1	3
363409645	ioniserende straling	1	2
07560888x	heiligen	1	1
75640902	ely	1	3
75606542	functieleer (psychologie)	1	3
75633175	pakistan	1	1
75665255	waterleiding	1	1
371228476	behaviorisme	1	2
357380347	sportpsychologie	1	3
308006887	sportsociologie	1	3
154134341	seksuele intimidatie	1	1
75628201	zeevogels	1	3
75603225	computers	1	1
149159765	fytotherapie	1	2
187570019	psoriasis	1	3
75614405	maatschappij	1	1
91429226	somalië	1	2
189860413	elektro-encefalografie	1	3
236400959	lasertherapie	1	2
75620049	radiozendontvangers	1	1
75664631	vaste-stofchemie	1	2
75663368	religieuze bewegingen	1	2
75660806	leesonderwijs	1	2
75604752	dijken	1	4
85992798	vrouwenhandel	1	3
75636557	vaartuigen	1	2
75615711	moorden	1	2
75621185	scheepsinstallaties	1	3
75661195	medezeggenschap ; bedrijven	1	2
75664534	turkse taal- en letterkunde	1	2
75634023	spanje	1	1
227509889	integraalvergelijkingen	1	2
75609568	huishoudelijke apparaten	1	1
75610302	interieurkunst	1	2
75603594	cultuurpsychologie	1	3
75603128	communicatiemedia	1	1
231028326	waterkeringen	1	3
75639351	cuba	1	1
75665794	ziektewet	1	3
07566030x	kernsplitsing	1	1
75620103	rassenvraagstuk	1	3
295880872	india ; geschiedenis	1	2
75633418	roemenië	1	1
75626330	internationaal publiek recht	1	3
75677806	peking	1	2
07560065x	bejaardenzorg	1	3
191041750	buenos aires	1	4
75618702	planeten	1	2
75599058	analytische meetkunde	1	3
75624044	terrorisme	1	2
75615703	monumentenzorg	1	1
75621126	schadelijke insecten	1	5
75626888	waterplanten	1	2
07566559x	woonlasten	1	1
75628406	ziekenverpleging	1	2
75612828	kunstverzamelen	1	5
75623803	tekenkunst	1	3
07560390x	dialectologie	1	2
236307525	fotogrammetrie	1	2
75628163	zeerecht	1	2
244173850	meertaligheid	1	2
75614057	literatuurwetenschap	1	1
75614022	literatuurgeschiedenis	1	1
75666847	ruimterecht	1	2
75616351	natuurwetenschappen	1	1
07561376x	letterkunde	1	1
75602768	chemisch reinigen	1	2
75625814	verspanende metaalbewerking	1	2
75627507	wilde dieren	1	2
75617374	oosterse kerken	1	2
75627957	ijzersmeedkunst	1	3
75616793	obligaties	1	5
75681927	onteigening	1	1
75602202	speciaal onderwijs	1	2
75622106	sociografie	1	1
07566335x	relatievormen	1	1
75615002	merkenrecht	1	4
75619814	psychosomatische ziekten	1	2
75610337	internationaal privaatrecht	1	3
75600935	betalingsverkeer	1	1
75663651	schrijven	1	1
75608391	groepstherapie	1	2
75604833	economische prognoses	1	2
75664127	studiebegeleiding	1	2
75623102	stoïcisme	1	2
75624176	theologie	1	1
154083402	gips	1	1
75660768	leermethoden	1	1
173414834	mechatronica	1	3
75675064	indiase taal- en letterkunde	1	2
75617366	oosterse godsdiensten	1	2
75603748	defensiepolitiek	1	2
75658704	economisch recht	1	2
75603624	cybernetica	1	1
75609118	historische geografie	1	2
149699050	centraal-azië	1	1
75636700	telecommunicatie	1	2
75625148	vakanties	1	1
75604566	drenthe ; sociografie	1	3
75602326	burgerlijk wetboek	1	2
75599651	archieven	1	1
75652927	massamedia	1	2
75612712	kunsthandel	1	2
75662701	partners	1	2
191527335	hindi	1	3
75628031	zeeën	1	1
75606933	gelaatkunde	1	1
07560843x	groningen (prov.) ; geschiedenis	1	3
75604795	econometrie	1	2
24398958x	kwelders	1	2
75659328	gemeentefinanciën	1	4
75599473	arbeidsanalyse	1	2
331358077	zwarte gaten	1	2
75613387	afspeelapparatuur	1	2
291332498	speekselklier(ziekten)	1	3
75690802	klierziekten	1	2
75620081	raketmotoren	1	4
75660830	leningen	1	4
324175795	mashonaland	1	2
204442451	zambesi (rivier)	1	2
217257666	iraanse taal- en letterkunde	1	2
75663295	reflexzonetherapie	1	2
188277978	schuldhulpverlening	1	2
75684357	telematica	1	3
07560969x	huurwetgeving	1	2
75608928	helikopters	1	3
75665921	zwakstroom-techniek	1	3
75628252	zelfbeschikkingsrecht	1	2
07561510x	meteorieten	1	2
75612305	koloniale geschiedenis ; buitenland	1	2
75618540	persvrijheid	1	3
75651181	singapore	1	1
75610981	kaas	1	3
75659255	geld	1	1
75650576	glasgow	1	3
75627795	wijn	1	3
75623382	studievoorlichting	1	2
75657384	bejaardenverpleging	1	2
75663856	sociologische onderzoeksmethoden	1	1
75624230	tin	1	2
75603292	conditietraining	1	1
39092833x	synthetische biologie	1	3
75608855	heideflora	1	2
75660601	kunstenaars	1	1
75607107	geluidshinder	1	2
28240631x	la réunion	1	1
75661349	milieuwetten	1	2
75609029	hersenanatomie	1	4
75609614	hulpverlening	1	1
75613840	lexicografie	1	2
75604841	economische stelsels	1	1
75665689	zelfkennis	1	4
75601060	bewustzijnspsychologie	1	3
344762122	caribisch nederland	1	1
75660865	lezen	1	1
75660911	literatuuronderwijs	1	2
75658143	christendom en islam	1	1
75663341	relatieproblemen	1	1
75689537	ouderenhuisvesting	1	3
75627175	wereldoorlog i	1	2
75680106	muziekpsychologie	1	3
75616017	muziekonderwijs	1	2
75605724	exacte wetenschappen	1	1
75598817	alcoholische dranken	1	2
75614391	maatschappelijke gezondheidszorg	1	2
07562561x	verkiezingen	1	1
75665018	vluchtcontrole	1	3
75601346	biologie	1	1
75658615	differentiatie (onderwijs)	1	2
07562804x	zeefauna	1	3
157024660	arctica	1	1
07563919x	sicilië	1	2
75617935	paardensport	1	2
75603802	denken	1	4
75613689	leesstoornissen	1	2
75626578	vrachtauto's	1	4
75657252	bedrijfsomzet	1	3
75606305	fossielen	1	2
75634805	zweden	1	1
89431251	zwarte zee	1	1
75598981	ambtenaren	1	2
75639009	gambia	1	1
75628686	zuigelingenzorg	1	2
75673290	toegepaste taalwetenschap	1	2
75658763	economische orde	1	1
75650932	couveusekinderen	1	3
75616645	nonnen	1	1
75661276	middelnederlandse letterkunde	1	3
75621835	sluizen	1	4
75659891	hydrostatica	1	3
75598329	aardgas	1	3
162989733	asbest	1	2
141964790	telewerken	1	3
75659840	huishoudelijke arbeid	1	2
75607670	gewervelde dieren	1	2
75663775	sociale economie	1	2
75626918	waterschappen	1	2
75631792	hongarije	1	1
320582841	finse golf	1	1
203946847	archangelsk	1	2
75663783	sociale geschiedenis	1	2
75658992	examens	1	1
75615088	metallurgie	1	1
75660881	liefde	1	4
75615061	metafysica	1	2
75657058	aristotelische filosofie	1	2
75665778	ziekenhuisopname	1	1
75680092	humaniora	1	1
75656647	afrikaanse taal- en letterkunde	1	2
75633299	portugal	1	1
75606186	financiële rekenkunde	1	4
75622041	sociale pedagogiek	1	3
75610043	industriepolitiek	1	2
75630591	europa	1	1
75607328	geografie	1	1
176920315	economische ethiek	1	2
252074610	institutionele economie	1	2
75609290	hoofdpijn	1	2
75659425	gewasbemesting	1	5
75669277	milt(ziekten)	1	2
375909990	amazonegebied	1	3
123965756	hamburg	1	2
75602830	china ; sociografie	1	2
75662833	petrologie	1	3
75642646	libië	1	1
75642034	rijn	1	1
241621194	löss plateau (china)	1	2
75632209	limburg	1	2
07563242x	marokko	1	1
75682656	oplosmiddelen	1	3
244676445	europees energiebeleid	1	3
75666537	klinische chemie	1	3
75618486	personeelsselectie	1	2
07560535x	engelse letterkunde	1	2
75662663	paleografie	1	1
75622769	gemeentehuizen	1	2
75657481	bevruchtingstechnieken	1	1
181076497	optiebewijzen	1	5
75622416	speelleervormen	1	1
203478541	computerspel	1	1
75618192	parkeervraagstuk	1	2
07566206x	opname apparatuur	1	2
238358194	dvd's	1	3
187568057	juda	1	2
75662256	jozua	1	3
75686783	muziekwetenschap	1	1
75641127	venezuela	1	3
75660792	leesbevordering	1	2
75613824	levensverzekeringen	1	2
339448792	kwazulu-natal	1	2
75639998	drenthe	1	2
344003973	altaj (gebergte)	1	3
229900682	kinkhoest	1	3
75621770	slavische taalkunde	1	2
75660415	kleinvee	1	1
07560518x	elite	1	2
07560714x	gelijkstroomtechniek	1	3
75610566	isolatiemateriaal	1	1
75661284	middelnederlandse taalkunde	1	3
75665530	wolken	1	2
07560468x	duitse taalkunde	1	2
75659387	germaanse taalkunde	1	2
75605996	fenomenologie	1	1
75661977	onderwijsstatistiek	1	2
75666820	psychologie ; opleiding	1	3
252057910	zuidelijk afrika	1	1
75600382	bedrijfseconomie	1	2
75610396	internationale politiek	1	2
75639122	nigeria	1	1
75677202	niger (land)	1	1
75620871	rubberindustrie	1	3
237717840	midden-brabant	1	3
216614104	utrechtse heuvelrug	1	3
75634481	zambia	1	1
75614367	maaltijden	1	2
75686449	politieke antropologie	1	2
75646870	honduras	1	1
75636239	psychotechniek	1	3
75660032	intercultureel onderwijs	1	2
75607972	godsdienstonderwijs	1	2
75660970	luchtbehandeling ; gebouwen	1	2
75598736	agglomeraties	1	1
75609096	hindoeïsme	1	2
75657872	branden	1	1
75609258	honden	1	3
75688417	islamabad	1	2
75602490	cacao	1	2
75660628	kunstmest	1	5
75605503	esthetiek	1	2
75628309	zending	1	1
75611570	kerkleer	1	1
75662779	pastorale theologie	1	2
113818661	mekong	1	1
75626292	voetbal	1	3
75624001	tennis	1	3
75601427	blindheid	1	3
07562852x	zintuiglijk gehandicapten	1	2
75635364	voorspellingen	1	1
07560356x	cultuurbeleid	1	2
75627574	winstdeling	1	1
75626195	vliegtuigbouw	1	3
26342717x	swifterbant	1	3
374541272	groenten	1	2
75608812	havenwerken	1	1
75605244	emigratie	1	2
07561779x	ouderparticipatie	1	2
75648520	schoolverlaters	1	1
07568523x	nederland ; politiek	1	2
75658623	drainage	1	2
75617315	oorlogsslachtoffers	1	1
303892145	uruzgan	1	2
75620952	russische letterkunde	1	2
75664542	20e eeuw	1	3
75599953	informatiemaatschappij	1	2
239384881	burn-out	1	1
75632594	mozambique	1	1
75665638	zand	1	1
07560664x	galziekten	1	2
29148185x	evenementen	1	1
93167245	mecklenburg-vorpommern	1	2
213804611	landbouwgronden ; verzilting	1	2
75679566	onderhoud	1	1
75664518	turbines	1	3
75665220	warmte-krachtkoppeling	1	1
75626322	volièrevogels	1	3
75612690	kunstfilosofie	1	2
257370374	rationalisme	1	2
75612844	kunstzinnige vorming	1	1
75660083	jaargetijden	1	1
75637332	goes	1	3
75665360	werkgelegenheid	1	4
75614189	loofbomen	1	3
380468085	hagedissen	1	3
75599899	audiovisuele media	1	3
75628465	zigeuners	1	1
75605775	experimentele chemie	1	2
75611635	kernenergie	1	2
185674704	islamitisch recht	1	2
23524712x	echtscheidingsrecht	1	4
07562138x	schoolgebouwen	1	2
75605406	erfelijkheid	1	1
07562687x	waterfauna	1	2
75658593	dierpsychologie	1	3
75624079	textielindustrie	1	3
75664712	verhuizen	1	1
375516816	artroscopie	1	4
75660903	literaire tijdschriften	1	2
75684012	avant-garde	1	2
190396571	procesalgebra	1	4
303392924	voor- en vroegschoolse educatie	1	2
75600439	bedrijfsleven	1	1
235245984	metrologie	1	1
75604361	dood	1	1
75621738	slapen	1	1
75614723	massapsychologie	1	4
75616319	natuurrampen	1	2
75686325	vrouwenhulpverlening	1	2
274582899	houtconstructies	1	3
189671599	eczeem	1	3
75624974	uitvindingen	1	1
75617064	onderwijstechnologie	1	2
75690047	scheikunde-onderwijs	1	2
75635569	hoger onderwijs	1	2
07560759x	gevechtsvliegtuigen	1	3
75661365	militaire luchtvaart	1	2
75626365	volksgeneeskunde	1	2
75642085	trinidad en tobago	1	1
290972884	crisisbeheersing	1	2
75664747	verkeersrecht	1	2
75664690	verbandleer	1	3
75664968	vliegeigenschappen	1	1
75604434	doping	1	4
75610299	intelligentietests	1	5
07566075x	leerlingbegeleiding	1	2
75685582	slachterijen	1	1
75626144	vlees	1	2
75615606	moerassen	1	2
75602431	bijbelvertaling	1	1
111827876	zuidwest-afrika	1	1
75656477	aandrijftechniek	1	2
75659859	huisvuil	1	3
75659395	geschiedenisonderwijs	1	2
75613646	leerplannen	1	2
75609541	huiselijk leven	1	4
75606143	films	1	3
75607212	geneeskundigen	1	1
75627205	werkende jongeren	1	2
75601699	boerenopstanden	1	1
75602342	burgeroorlogen	1	2
07560924x	homoseksualiteit	1	2
07561846x	permanente educatie	1	2
296616575	mekongdelta	1	1
75661012	luizen	1	5
412422638	compost	1	1
265247055	harare	1	2
75657619	binnenwateren	1	1
29456957x	shanghai	1	2
75663473	rolstoelen	1	4
251787052	karnataka	1	2
07566321x	radioactief afval	1	3
235173215	oost-groningen (prov.)	1	3
75611880	kinderverlamming	1	4
75690381	geïntegreerde software	1	3
164132988	gemeentelijke herindeling	1	1
75618044	papier	1	1
75661985	ongevallen	1	1
75665670	zelfhulp	1	2
75656949	appartementsrecht	1	3
75625474	verenigingen	1	2
75612283	koffie	1	2
85840211	celebes	1	2
335886779	indus (rivier)	1	1
75602059	brandweer	1	1
75663686	seksualiteit ; vrouwen	1	2
75600838	beroepsvoorlichting	1	2
75650002	audiovisuele leermiddelen	1	2
75615169	metselwerk	1	3
75662043	openbaarheid van bestuur	1	1
75609126	historische geologie	1	3
75617099	onderwijzers (m/v)	1	1
75603179	compressoren	1	1
242301967	roerdal	1	3
75668866	jemen	1	1
07560616x	filosofische stelsels	1	1
75607263	genotmiddelenindustrie	1	3
75660482	koopkracht	1	1
75658844	elektrostatica	1	2
75600579	beeldschermen	1	3
148463568	intellectuele eigendom	1	2
07560194x	bouwmaterialenindustrie	1	3
07566805x	straathandel	1	2
229492401	nairobi	1	2
75620022	radiotechniek	1	3
75600080	babyvoeding	1	2
333008200	probiotica	1	2
75661616	nederlandse letterkunde ; 17e-18e eeuw	1	3
75615932	museologie	1	1
75685361	politieke filosofie	1	2
75625520	vergiftiging	1	1
75657503	bewegingsonderwijs	1	2
75605171	elektrotherapie	1	2
75659468	gezinsbegeleiding	1	2
75624133	thee	1	2
75657848	bouwrecht	1	2
75604906	egyptische oudheid	1	3
75627043	weefselleer ; plantkunde	1	1
75685736	sanitaire installaties	1	3
75662825	persoonsregistratie	1	1
75622122	sociologie	1	2
75617129	onkruid	1	2
195021657	british-columbia	1	4
75665115	vredesbeleid	1	1
75660318	kevers	1	5
75649772	landhervormingen	1	1
75637081	faeröer	1	1
139414908	shetland islands	1	3
75603756	dekolonisatie	1	2
75685159	noord-amerika	1	2
75671204	koerdistan	1	1
75600994	bevolkingspolitiek	1	2
75633825	turkije	1	1
75622009	sociale filosofie	1	2
75642050	syrië	1	1
158932684	andes	1	3
170380572	centraalafrikaanse republiek	1	1
75642123	florence	1	2
75621924	sociaal-economische geschiedenis	1	2
75633981	sovjet-unie	1	1
75619571	prostitutie	1	1
303455632	praktijkonderwijs	1	2
390869821	passend onderwijs	1	2
75657740	bodembemesting	1	5
75662078	oppervlaktewater	1	2
75615959	muziek	1	2
75603446	coöperaties	1	2
75621150	schapen	1	4
75607425	psychogeriatrie	1	2
408341610	porto alegre	1	4
75601265	binnenvaart	1	3
75654105	mediabeleid	1	2
75603136	communicatietheorie	1	1
75602555	caritas	1	1
75631008	groot-brittannië	1	2
75602296	bureaucratie	1	2
75618583	petrochemische industrie	1	3
75603764	deltawerken	1	4
07564326x	oosterschelde	1	3
75645696	jordanië	1	1
260061239	jordaanvallei	1	1
75664526	turken	1	4
260342890	lake naivasha	1	2
75621304	schoenen	1	1
75616815	oceanen	1	1
75627159	welzijnsbeleid	1	1
75600862	beroepsonderwijs	1	2
75603985	dieetleer	1	2
75629844	australië	1	1
392834626	natuurlijke hulpbronnen	1	1
07562723x	werkgevers	1	1
392765667	bedrijfsongelukken	1	2
75620537	reptielen	1	2
75635275	energie	1	1
75624087	textiel	1	1
90860993	spitsbergen	1	2
75626772	walvisvangst	1	2
75668262	gezondheidswetenschappen	1	1
